{"obedienceValues":[0.0,1.0],"obedienceDistribution":[0.6855000257492065,0.31450000405311587],"obedienceIsolationValues":[0.0,0.5,1.0],"obedienceIsolationDistribution":[0.08780000358819962,0.241799995303154,0.6703000068664551],"obedienceMaskUseValues":[0.0,0.5,1.0],"obedienceMaskUseDistribution":[0.15729999542236329,0.2809000015258789,0.5618000030517578],"obedienceSocialDistancingValues":[0.0,0.5,1.0],"obedienceSocialDistancingDistribution":[0.10109999775886536,0.2021999955177307,0.6966000199317932]}