{"activities":[{"name":"Sleep","duration":0.0,"doPlaces":[2],"distributionPlaces":[1.0],"frequencyValues":[0.0,1.0],"frequencyDistribution":[0.0,1.0],"frequencyBinSize":1.0,"frequencyTimeRate":0,"durationValues":[3.0,4.0,5.0,6.0,7.0,8.0,9.0,10.0,11.0],"durationDistribution":[0.0,0.0,0.10480000078678131,0.3547999858856201,0.3467699885368347,0.16930000483989716,0.0,0.00800000037997961,0.016100000590085985],"durationBinSize":1.0,"probability":0.0,"probabilityDelta":0.0,"minProbabilityDelta":0.0,"maxProbabilityDelta":0.0,"hourPeriodicity":0.0,"timeConstraints":[20,10],"noiseCounter":0,"cumSumPlaces":[]},{"name":"Eat","duration":0.0,"doPlaces":[2,1,5],"distributionPlaces":[0.833299994468689,0.12309999763965607,0.04360000044107437],"frequencyValues":[1.0,2.0,3.0,4.0,5.0],"frequencyDistribution":[0.00860000029206276,0.15649999678134919,0.6869000196456909,0.1477999985218048,0.0],"frequencyBinSize":1.0,"frequencyTimeRate":0,"durationValues":[0.25,0.75,1.25,1.75,2.25,2.75,3.25],"durationDistribution":[0.3440000116825104,0.5440000295639038,0.08799999952316284,0.01600000075995922,0.0,0.00800000037997961,0.0],"durationBinSize":0.5,"probability":0.0,"probabilityDelta":0.0,"minProbabilityDelta":0.0,"maxProbabilityDelta":0.0,"hourPeriodicity":0.0,"timeConstraints":[6,22],"noiseCounter":0,"cumSumPlaces":[]},{"name":"Work","duration":0.0,"doPlaces":[2,1],"distributionPlaces":[0.6898999810218811,0.3100999891757965],"frequencyValues":[0.0,1.0],"frequencyDistribution":[0.14399999380111695,0.8560000061988831],"frequencyBinSize":1.0,"frequencyTimeRate":0,"durationValues":[2.0,3.5,4.5,5.5,6.5,7.5,8.5,10.0],"durationDistribution":[0.04399999976158142,0.05299999937415123,0.10610000044107437,0.10610000044107437,0.08839999884366989,0.1858000010251999,0.1768999993801117,0.23970000445842744],"durationBinSize":1.0,"probability":0.0,"probabilityDelta":0.0,"minProbabilityDelta":0.0,"maxProbabilityDelta":0.0,"hourPeriodicity":0.0,"timeConstraints":[8,22],"noiseCounter":0,"cumSumPlaces":[]},{"name":"Exercise","duration":0.0,"doPlaces":[2,4,7],"distributionPlaces":[0.5248000025749207,0.14180000126361848,0.33340001106262209],"frequencyValues":[0.0,1.0,2.0,3.0,4.0,5.0,6.0,7.0],"frequencyDistribution":[0.0,0.12120000272989273,0.20200000703334809,0.21209999918937684,0.11110000312328339,0.23229999840259553,0.0908999964594841,0.030400000512599946],"frequencyBinSize":1.0,"frequencyTimeRate":1,"durationValues":[0.25,0.75,1.25,1.75,2.25,2.75,3.25],"durationDistribution":[0.3070000112056732,0.48240000009536745,0.0877000018954277,0.061400000005960467,0.02631000056862831,0.01754000037908554,0.01754000037908554],"durationBinSize":0.5,"probability":0.0,"probabilityDelta":0.0,"minProbabilityDelta":0.0,"maxProbabilityDelta":0.0,"hourPeriodicity":0.0,"timeConstraints":[6,20],"noiseCounter":0,"cumSumPlaces":[]},{"name":"Socialize","duration":0.0,"doPlaces":[6,2,7,5],"distributionPlaces":[0.21070000529289246,0.47540000081062319,0.18649999797344209,0.1273999959230423],"frequencyValues":[0.0,1.0,2.0,3.0,4.0,5.0,6.0],"frequencyDistribution":[0.23770000040531159,0.5327000021934509,0.13930000364780427,0.07370000332593918,0.008100000210106373,0.008100000210106373,0.0],"frequencyBinSize":1.0,"frequencyTimeRate":1,"durationValues":[0.25,0.75,1.25,1.75,2.25,2.75,3.25],"durationDistribution":[0.17350000143051148,0.11569999903440476,0.10740000009536743,0.09910000115633011,0.11569999903440476,0.11569999903440476,0.2727000117301941],"durationBinSize":0.5,"probability":0.0,"probabilityDelta":0.0,"minProbabilityDelta":0.0,"maxProbabilityDelta":0.0,"hourPeriodicity":0.0,"timeConstraints":[10,20],"noiseCounter":0,"cumSumPlaces":[]},{"name":"Buy Food","duration":0.0,"doPlaces":[0],"distributionPlaces":[1.0],"frequencyValues":[1.0,2.0,3.0,4.0,5.0,6.0],"frequencyDistribution":[0.5210000276565552,0.2856999933719635,0.1596599966287613,0.01679999940097332,0.01679999940097332,0.0],"frequencyBinSize":1.0,"frequencyTimeRate":1,"durationValues":[0.25,0.75,1.25,1.75,2.25,2.75,3.25],"durationDistribution":[0.10480000078678131,0.4918999969959259,0.27410000562667849,0.07249999791383743,0.02410000003874302,0.016100000590085985,0.016100000590085985],"durationBinSize":0.5,"probability":0.0,"probabilityDelta":0.0,"minProbabilityDelta":0.0,"maxProbabilityDelta":0.0,"hourPeriodicity":0.0,"timeConstraints":[10,20],"noiseCounter":0,"cumSumPlaces":[]},{"name":"Sicko","duration":0.0,"doPlaces":[3],"distributionPlaces":[1.0],"frequencyValues":[0.0,1.0,2.0,3.0,4.0],"frequencyDistribution":[0.7200000286102295,0.1599999964237213,0.07999999821186066,0.00800000037997961,0.03200000151991844],"frequencyBinSize":1.0,"frequencyTimeRate":2,"durationValues":[0.25,0.75,1.25,1.75,2.25,2.75,3.25],"durationDistribution":[0.21480000019073487,0.47099998593330386,0.1817999929189682,0.0908999964594841,0.024790000170469285,0.008200000040233136,0.008500000461935997],"durationBinSize":0.5,"probability":0.0,"probabilityDelta":0.0,"minProbabilityDelta":0.0,"maxProbabilityDelta":0.0,"hourPeriodicity":0.0,"timeConstraints":[6,24],"noiseCounter":0,"cumSumPlaces":[]}]}