{"activities":[{"name":"Sleep","duration":0.0,"doPlaces":[2],"distributionPlaces":[1.0],"frequencyValues":[0.0,1.0,2.0,3.0],"frequencyDistribution":[0.0,0.5,0.25,0.25],"frequencyBinSize":1.0,"frequencyTimeRate":0,"durationValues":[3.0,4.0,5.0,6.0,7.0,8.0,9.0,10.0,11.0],"durationDistribution":[0.0,0.0,0.10480000078678131,0.3547999858856201,0.3467699885368347,0.16930000483989716,0.0,0.00800000037997961,0.016100000590085985],"durationBinSize":1.0,"probability":0.0,"probabilityDelta":0.0,"minProbabilityDelta":0.0,"maxProbabilityDelta":0.0,"hourPeriodicity":0.0,"timeConstraints":[0,24],"noiseCounter":0},{"name":"Eat","duration":0.0,"doPlaces":[2,1,5],"distributionPlaces":[0.833299994468689,0.12309999763965607,0.04360000044107437],"frequencyValues":[1.0,2.0,3.0,4.0,5.0],"frequencyDistribution":[0.4000000059604645,0.4000000059604645,0.20000000298023225,0.0,0.0],"frequencyBinSize":1.0,"frequencyTimeRate":0,"durationValues":[0.25,0.75,1.25,1.75,2.25,2.75,3.25],"durationDistribution":[0.3440000116825104,0.5440000295639038,0.08799999952316284,0.01600000075995922,0.0,0.00800000037997961,0.0],"durationBinSize":0.5,"probability":0.0,"probabilityDelta":0.0,"minProbabilityDelta":0.0,"maxProbabilityDelta":0.0,"hourPeriodicity":0.0,"timeConstraints":[6,22],"noiseCounter":0},{"name":"Work","duration":0.0,"doPlaces":[2,1],"distributionPlaces":[0.6898999810218811,0.3100999891757965],"frequencyValues":[0.0,1.0],"frequencyDistribution":[0.14399999380111695,0.8560000061988831],"frequencyBinSize":1.0,"frequencyTimeRate":0,"durationValues":[2.0,3.5,4.5,5.5,6.5,7.5,8.5,10.0],"durationDistribution":[0.4000000059604645,0.4000000059604645,0.20000000298023225,0.0,0.0,0.0,0.0,0.0,0.0],"durationBinSize":1.0,"probability":0.0,"probabilityDelta":0.0,"minProbabilityDelta":0.0,"maxProbabilityDelta":0.0,"hourPeriodicity":0.0,"timeConstraints":[8,22],"noiseCounter":0},{"name":"Exercise","duration":0.0,"doPlaces":[2,4,7],"distributionPlaces":[],"frequencyValues":[0.0,1.0,2.0,3.0,4.0,5.0,6.0,7.0],"frequencyDistribution":[0.800000011920929,0.10000000149011612,0.05000000074505806,0.05000000074505806,0.0,0.0,0.0,0.0],"frequencyBinSize":1.0,"frequencyTimeRate":1,"durationValues":[0.25,0.75,1.25,1.75,2.25,2.75,3.25],"durationDistribution":[0.3070000112056732,0.48240000009536745,0.0877000018954277,0.061400000005960467,0.02631000056862831,0.01754000037908554,0.01754000037908554],"durationBinSize":0.5,"probability":0.0,"probabilityDelta":0.0,"minProbabilityDelta":0.0,"maxProbabilityDelta":0.0,"hourPeriodicity":0.0,"timeConstraints":[6,20],"noiseCounter":0},{"name":"Socialize","duration":0.0,"doPlaces":[6,2,7,5],"distributionPlaces":[0.21070000529289246,0.47540000081062319,0.18649999797344209,0.1273999959230423],"frequencyValues":[0.0,1.0,2.0,3.0,4.0,5.0,6.0],"frequencyDistribution":[0.699999988079071,0.20000000298023225,0.10000000149011612,0.0,0.0,0.0,0.0],"frequencyBinSize":1.0,"frequencyTimeRate":1,"durationValues":[0.25,0.75,1.25,1.75,2.25,2.75,3.25],"durationDistribution":[0.17350000143051148,0.11569999903440476,0.10740000009536743,0.09910000115633011,0.11569999903440476,0.11569999903440476,0.2727000117301941],"durationBinSize":0.5,"probability":0.0,"probabilityDelta":0.0,"minProbabilityDelta":0.0,"maxProbabilityDelta":0.0,"hourPeriodicity":0.0,"timeConstraints":[10,20],"noiseCounter":0},{"name":"Buy Food","duration":0.0,"doPlaces":[0],"distributionPlaces":[1.0],"frequencyValues":[1.0,2.0,3.0,4.0,5.0,6.0],"frequencyDistribution":[0.10000000149011612,0.10000000149011612,0.5,0.10000000149011612,0.10000000149011612,0.0],"frequencyBinSize":1.0,"frequencyTimeRate":1,"durationValues":[0.25,0.75,1.25,1.75,2.25,2.75,3.25],"durationDistribution":[0.10480000078678131,0.4918999969959259,0.27410000562667849,0.07249999791383743,0.02410000003874302,0.016100000590085985,0.016100000590085985],"durationBinSize":0.5,"probability":0.0,"probabilityDelta":0.0,"minProbabilityDelta":0.0,"maxProbabilityDelta":0.0,"hourPeriodicity":0.0,"timeConstraints":[10,20],"noiseCounter":0},{"name":"Sicko","duration":0.0,"doPlaces":[3],"distributionPlaces":[1.0],"frequencyValues":[0.0,1.0,2.0,3.0,4.0],"frequencyDistribution":[0.0,0.10000000149011612,0.10000000149011612,0.6000000238418579,0.20000000298023225],"frequencyBinSize":1.0,"frequencyTimeRate":0,"durationValues":[0.25,0.75,1.25,1.75,2.25,2.75,3.25],"durationDistribution":[0.21480000019073487,0.47099998593330386,0.1817999929189682,0.0908999964594841,0.024790000170469285,0.008200000040233136,0.008500000461935997],"durationBinSize":0.5,"probability":0.0,"probabilityDelta":0.0,"minProbabilityDelta":0.0,"maxProbabilityDelta":0.0,"hourPeriodicity":0.0,"timeConstraints":[0,24],"noiseCounter":0}]}